"Фото","Название","Цена, сом","Ссылка","Вариант","Категория","Описание","Примечание","Совместно","Скрыть","Поиск (WB/Ozon/Temu)","Фото URL","Магазин","ID"
"","Сортер","500–2 500","","Можно похожее","Развивающие","Деревянный куб, «почтовый ящик» или сортер-овощи с прорезями.","","","","сортер деревянный для малышей","https://hadeskrit-gif.github.io/miran-wishlist/img/00.jpg","","i00"
"","Пирамидка","500–4 000","","Можно похожее","Развивающие","Классическая с кольцами или радуга-арка из дерева.","","","да","пирамидка деревянная для малышей","https://hadeskrit-gif.github.io/miran-wishlist/img/01.jpg","","i01"
"","Бизиборд","2 000–6 000","","Можно похожее","Развивающие","Замочки, выключатели, колёсики. Настенный или кубом.","","да","","бизиборд для малышей 1 год","https://hadeskrit-gif.github.io/miran-wishlist/img/02.jpg","","i02"
"","Стучалка с молоточком и шариками","800–2 000","","Можно похожее","Развивающие","Забить шарик, чтобы он скатился вниз. Причина и следствие.","","","","стучалка с молоточком и шариками","https://hadeskrit-gif.github.io/miran-wishlist/img/03.jpg","","i03"
"","Граммофон со сказками","4 394","https://www.wildberries.kg/catalog/11376085/detail.aspx?size=36107256","Точно такое","Развивающие","Abumba: крутишь пластинку, звучат сказки и песенки на русском.","","","","","https://hadeskrit-gif.github.io/miran-wishlist/img/55.jpg","Wildberries","i55"
"","Говорящий планшет с карточками","875","https://www.wildberries.kg/catalog/498715547/detail.aspx?size=693236254","Точно такое","Развивающие","ИнтеллектУм: вставляешь карточку, планшет называет слово. Помогает запустить речь.","","","","","https://hadeskrit-gif.github.io/miran-wishlist/img/60.jpg","Wildberries","i60"
"","Ксилофон или детский синтезатор","1 000–3 000","","Можно похожее","Развивающие","Можно набор: ксилофон, маракасы, бубен.","","","да","ксилофон детский деревянный","https://hadeskrit-gif.github.io/miran-wishlist/img/05.jpg","","i05"
"","Детская барабанная установка","~2 700","","Можно похожее","Развивающие","Громко, зато как счастлив будет 🙂","","","","детская барабанная установка","https://hadeskrit-gif.github.io/miran-wishlist/img/06.jpg","","i06"
"","Крупные фигурки животных","500–1 000","","Можно похожее","Развивающие","Ферма, Африка, Арктика, динозавры. Фигурки крупные, чтобы нельзя было проглотить.","","","","фигурки животных для малышей крупные набор","https://hadeskrit-gif.github.io/miran-wishlist/img/07.jpg","","i07"
"","Карточки «Звукоподражание»","~560","https://www.wildberries.kg/catalog/774807341/detail.aspx?size=1137202347","Точно такое","Развивающие","«Кто как говорит»: первые слова и звуки.","","","","карточки звукоподражание для малышей","https://hadeskrit-gif.github.io/miran-wishlist/img/08.jpg","Вот эти","i08"
"","Карточки Домана","~550","https://www.wildberries.kg/catalog/97265945/detail.aspx?size=154243211","Точно такое","Развивающие","Крупные картинки для первых слов.","","","","карточки домана","https://hadeskrit-gif.github.io/miran-wishlist/img/09.jpg","Вот эти","i09"
"","Крупный конструктор для малышей","2 000–5 000","","Можно похожее","Развивающие","Mega Bloks First Builders или аналог, от 1 года.","","","","mega bloks first builders","https://hadeskrit-gif.github.io/miran-wishlist/img/10.jpg","","i10"
"","Игрушки для ванной","500–2 000","","Можно похожее","Развивающие","Стаканчики-пересыпалки, мельница, водопад на присосках.","","","","игрушки для ванной малыш пересыпалки","https://hadeskrit-gif.github.io/miran-wishlist/img/11.jpg","","i11"
"","Сенсорные мячики","500–1 500","","Можно похожее","Развивающие","Набор разной фактуры и размера.","","","да","сенсорные мячики для малышей набор","https://hadeskrit-gif.github.io/miran-wishlist/img/12.jpg","","i12"
"","Машинка-каталка на верёвочке","800–2 500","","Можно похожее","Развивающие","Катать за собой, не ездить на ней.","","","","каталка на веревочке деревянная","https://hadeskrit-gif.github.io/miran-wishlist/img/13.jpg","","i13"
"","Мягкие модули (горка + ступеньки)","10 000–30 000","","Можно похожее","Для движения","Лазать и сползать дома, безопасно для первых падений.","","да","","мягкие модули горка для малышей","https://hadeskrit-gif.github.io/miran-wishlist/img/14.jpg","","i14"
"","Комплекс Пиклер 3 в 1 с горкой и аркой","14 726","https://www.wildberries.kg/catalog/224596683/detail.aspx?size=356035979","Точно такое","Для движения","Трёхсторонний треугольник, горка-скалодром и арка, CuteFurniture. Хватит до трёх–четырёх лет.","Перед покупкой спросим ортопеда","да","","","https://hadeskrit-gif.github.io/miran-wishlist/img/59.jpg","Wildberries","i59"
"","Складной туннель","1 500–4 000","","Можно похожее","Для движения","Ползать насквозь. Ортопед советовал побольше двигаться в разных положениях, это как раз оно.","","","","туннель детский складной","https://hadeskrit-gif.github.io/miran-wishlist/img/16.jpg","","i16"
"","Вигвам или палатка-домик","1 000–1 500","","Можно похожее","Для движения","Своё укрытие для игр.","","","","вигвам детский палатка домик","https://hadeskrit-gif.github.io/miran-wishlist/img/17.jpg","","i17"
"","Сухой бассейн с шариками","3 000–10 000","","Можно похожее","Для движения","Бассейн с мягкими бортиками. Шарики отдельно, 100–200 штук, стоят 200–500 сом.","","","да","сухой бассейн с шариками детский","https://hadeskrit-gif.github.io/miran-wishlist/img/18.jpg","","i18"
"","Детская качеля","1 000–1 500","","Можно похожее","Для движения","Подвесная для дома, в дверной проём, или для улицы.","","","","качели детские подвесные для малышей","https://hadeskrit-gif.github.io/miran-wishlist/img/19.jpg","","i19"
"","Массажные полусферы для ног","800–1 600","","Можно похожее","Для движения","Пупырчатые «кочки»: наступать и ходить по ним, стопам полезно.","","","","массажные полусферы для ног детские","https://hadeskrit-gif.github.io/miran-wishlist/img/20.jpg","","i20"
"","Балансировочная дорожка","1 800–2 200","","Можно похожее","Для движения","Модульная тропа из камней и кочек.","Когда начнёт ходить сам","","","балансировочная дорожка для детей","https://hadeskrit-gif.github.io/miran-wishlist/img/21.jpg","","i21"
"","Толстый коврик-пазл","2 000–6 000","","Можно похожее","Для движения","От 2 см толщиной, на весь игровой угол.","","","","коврик пазл детский толстый 2 см","https://hadeskrit-gif.github.io/miran-wishlist/img/22.jpg","","i22"
"","Толокар, на вырост","2 000–4 000","","Можно похожее","Для движения","Модель, где Миран стоит ногами на полу. Пригодится, когда он пойдёт сам.","Только после первых самостоятельных шагов","","","толокар для малышей от 1 года","https://hadeskrit-gif.github.io/miran-wishlist/img/23.jpg","","i23"
"","Трёхколёсный велосипед с ручкой и козырьком","~7 500","","Можно похожее","Для движения","Родитель везёт его за ручку, потом Миран будет крутить педали сам.","","да","","детский велосипед трехколесный с ручкой и козырьком","https://hadeskrit-gif.github.io/miran-wishlist/img/24.jpg","","i24"
"","Санки","1 000–6 000","","Можно похожее","Для движения","Простые или санки-коляска со спинкой и ремнями. Зима в Бишкеке скоро.","","","","санки детские со спинкой","https://hadeskrit-gif.github.io/miran-wishlist/img/25.jpg","","i25"
"","Книжки с окошками","300–900","","Можно похожее","Книжки","«Кто спрятался?», анатомия с окошками, поднимающиеся створки.","","","","книжка с окошками для малышей","https://hadeskrit-gif.github.io/miran-wishlist/img/26.jpg","","i26"
"","«Кто наделал на голову кроту?»","500–900","","Можно похожее","Книжки","Классика, которую малыши просят читать по сто раз.","","","","кто наделал на голову кроту книга","https://hadeskrit-gif.github.io/miran-wishlist/img/27.jpg","","i27"
"","Тактильные и фетровые книжки","500–1 000","","Можно похожее","Книжки","Шершавое, мягкое, блестящее. Например, фетровая книжка «Дом».","","","","тактильная книжка из фетра для малышей","https://hadeskrit-gif.github.io/miran-wishlist/img/28.jpg","","i28"
"","Тактильная книга «Ферма»","802","https://www.wildberries.kg/catalog/283430941/detail.aspx?size=434501969","Точно такое","Книжки","«Счастье внутри»: стихи-болтушки про жителей фермы и тактильные вставки, которые можно трогать.","","","","","https://hadeskrit-gif.github.io/miran-wishlist/img/57.jpg","Wildberries","i57"
"","Виммельбухи","300–350","","Можно похожее","Книжки","«Год в лесу», «Транспорт». Большие картинки, которые можно рассматривать бесконечно.","","","","виммельбух год в лесу","https://hadeskrit-gif.github.io/miran-wishlist/img/29.jpg","","i29"
"","Книга-пианино","2 000–3 500","","Можно похожее","Книжки","Клавиши и мелодии. Цвет любой.","","","","книга пианино для малышей","https://hadeskrit-gif.github.io/miran-wishlist/img/30.jpg","","i30"
"","Книжки со звуками","800–2 000","","Можно похожее","Книжки","Животные, транспорт, песенки.","","","","книжка со звуками для малышей","https://hadeskrit-gif.github.io/miran-wishlist/img/31.jpg","","i31"
"","Непромокаемые книжки для ванной","300–800","","Можно похожее","Книжки","Мягкие, можно мочить и жевать.","","","","книжка для ванной малыш","https://hadeskrit-gif.github.io/miran-wishlist/img/32.jpg","","i32"
"","Фронтальный книжный стеллаж","3 000–8 000","","Можно похожее","Книжки","Монтессори-полка обложками вперёд, чтобы Миран сам выбирал книжку.","","","","стеллаж для книг монтессори фронтальный","https://hadeskrit-gif.github.io/miran-wishlist/img/33.jpg","","i33"
"","Детский столик со стульчиком","~3 800","https://mobile.yangkeduo.com/goods.html?ps=WyV42TcXiR","Точно такое","Практичное","Для рисования, игр и еды «как взрослый». Можно только стол.","","","","детский столик и стульчик монтессори","https://hadeskrit-gif.github.io/miran-wishlist/img/34.jpg","Pinduoduo","i34"
"","Башня помощника","4 000–10 000","","Можно похожее","Практичное","Ступеньки-башня, чтобы стоять рядом со взрослыми у кухонного стола. На вырост.","","да","","башня помощника детская ступеньки","https://hadeskrit-gif.github.io/miran-wishlist/img/35.jpg","","i35"
"","Первая обувь для ходьбы","2 000–5 000","","Можно похожее","Практичное","С жёстким задником и гибкой подошвой. Размер спросите у нас.","Размер уточните у Катерины","","","первая обувь для малышей жесткий задник","https://hadeskrit-gif.github.io/miran-wishlist/img/36.jpg","","i36"
"","Зимний комбинезон на рост 86–92","5 000–15 000","","Можно похожее","Практичное","Плотный, со съёмной подстёжкой.","","да","","зимний комбинезон детский 86","https://hadeskrit-gif.github.io/miran-wishlist/img/37.jpg","","i37"
"","Термобельё с начёсом","989","https://www.wildberries.kg/catalog/289167311/detail.aspx?size=441464550","Точно такое","Практичное","Lynxy Soft: тёплый хлопковый комплект под зимний комбинезон, до −30°.","Размер уже выбран по ссылке","","","","https://hadeskrit-gif.github.io/miran-wishlist/img/56.jpg","Wildberries","i56"
"","Одежда на рост 86–92","500–3 000","","Можно похожее","Практичное","Боди, штанишки, свитшоты. Любые хорошие базовые вещи.","","","","одежда для малыша 86","https://hadeskrit-gif.github.io/miran-wishlist/img/38.jpg","","i38"
"","Набор силиконовой посуды","1 000–3 000","","Можно похожее","Практичное","Тарелка на присоске, ложки, поильник-непроливайка.","","","","силиконовая посуда для малышей набор присоска","https://hadeskrit-gif.github.io/miran-wishlist/img/39.jpg","","i39"
"","Увлажнитель воздуха","~4 500","","Можно похожее","Практичное","Главное, чтобы воду можно было доливать сверху.","","","","увлажнитель воздуха верхний залив","https://hadeskrit-gif.github.io/miran-wishlist/img/41.jpg","","i41"
"","Складной горшок","1 200–1 500","","Можно похожее","Практичное","Дорожный, пригодится в поездках.","","","","складной дорожный горшок детский","https://hadeskrit-gif.github.io/miran-wishlist/img/42.jpg","","i42"
"","Зубная паста Elmex 0–2","~600","","Можно похожее","Практичное","Детская, со фтором. Расходник, лишней не будет.","","","","elmex детская паста 0-2","https://hadeskrit-gif.github.io/miran-wishlist/img/43.jpg","","i43"
"","Набор для игр в песке","200–500","","Можно похожее","Практичное","Ведёрко, совок, формочки. На весну.","","","","набор для песочницы детский","https://hadeskrit-gif.github.io/miran-wishlist/img/44.jpg","","i44"
"","Сертификат в детский магазин","любая","","","Практичное","Если не хочется гадать. Любой номинал нас очень выручит.","","","","","https://hadeskrit-gif.github.io/miran-wishlist/img/45.jpg","","i45"
"","Сертификат на массаж или в SPA","3 000–10 000","","","Для мамы","Пара часов только для себя. Спина за этот год натаскалась.","","да","","","https://hadeskrit-gif.github.io/miran-wishlist/img/46.jpg","","i46"
"","Сертификат в салон красоты","2 000–6 000","","","Для мамы","Маникюр, стрижка, брови, что захочется.","","","","","https://hadeskrit-gif.github.io/miran-wishlist/img/47.jpg","","i47"
"","Семейная фотосессия","5 000–15 000","","","Для мамы","Чтобы у нас были красивые фото, где мама тоже в кадре, а не только за камерой.","","да","","","https://hadeskrit-gif.github.io/miran-wishlist/img/48.jpg","","i48"
"","Украшение с именем или датой","2 000–8 000","","Можно похожее","Для мамы","Кулон или браслет с гравировкой «Миран» или «01.11.2025».","","","","кулон с гравировкой имени серебро","https://hadeskrit-gif.github.io/miran-wishlist/img/49.jpg","","i49"
"","Шёлковая наволочка и маска для сна","1 500–4 000","","Можно похожее","Для мамы","Раз сна мало, пусть он будет хотя бы приятным.","","","","шелковая наволочка натуральный шелк","https://hadeskrit-gif.github.io/miran-wishlist/img/50.jpg","","i50"
"","Книга «Хорошие родители дают детям корни и крылья»","476","https://www.wildberries.kg/catalog/196481124/detail.aspx?size=318890210","Точно такое","Для мамы","Сигел и Брайсон о том, как растить спокойного и самостоятельного ребёнка. Для мамы и папы.","","","","","https://hadeskrit-gif.github.io/miran-wishlist/img/54.jpg","Wildberries","i54"
"","Уборка квартиры клининговой службой","3 000–6 000","","","Для мамы","Один свободный день без швабры. Лучший подарок маме малыша.","","","","","https://hadeskrit-gif.github.io/miran-wishlist/img/51.jpg","","i51"
"","Вечер без ребёнка","бесценно","","","Для мамы","Посидим с Мираном, пока родители сходят в кино или ресторан. Можно вместе с сертификатом в ресторан.","","","","","https://hadeskrit-gif.github.io/miran-wishlist/img/52.jpg","","i52"
"","Уходовая косметика","2 000–6 000","","","Для мамы","Любимые марки лучше уточнить у Бориса.","Марку спросите у Бориса","","","","https://hadeskrit-gif.github.io/miran-wishlist/img/53.jpg","","i53"
"","Беговел от 1 года четырёхколёсный (Safari proff)","3352","https://www.wildberries.kg/catalog/491553848/detail.aspx","Точно такое","Для движения","","Только после первых самостоятельных шагов","","","","https://images.weserv.nl/?url=https%3A%2F%2Fbasket-27.wbbasket.ru%2Fvol4915%2Fpart491553%2F491553848%2Fimages%2Fbig%2F1.webp&w=480&h=480&fit=contain&bg=white&output=jpg","Wildberries","w491553848"
"","Развивающая мини-книга на липучках (Lip-Lip Book)","1382","https://www.wildberries.kg/catalog/137512348/detail.aspx","Точно такое","Книжки","","","","","","https://images.weserv.nl/?url=https%3A%2F%2Fbasket-10.wbbasket.ru%2Fvol1375%2Fpart137512%2F137512348%2Fimages%2Fbig%2F1.webp&w=480&h=480&fit=contain&bg=white&output=jpg","Wildberries","w137512348"
"","Толокар Mercedes с родительской ручкой (Vulpes)","7164","https://www.wildberries.kg/catalog/757641703/detail.aspx","Точно такое","Для движения","","Только после первых самостоятельных шагов","","","","https://images.weserv.nl/?url=https%3A%2F%2Fbasket-35.wbbasket.ru%2Fvol7576%2Fpart757641%2F757641703%2Fimages%2Fbig%2F1.webp&w=480&h=480&fit=contain&bg=white&output=jpg","Wildberries","w757641703"
"","Сортер Монтессори деревянный, цвета (Ulanik)","нет в наличии","https://www.wildberries.kg/catalog/7201048/detail.aspx","Точно такое","Развивающие","","","","","","https://images.weserv.nl/?url=https%3A%2F%2Fbasket-01.wbbasket.ru%2Fvol72%2Fpart7201%2F7201048%2Fimages%2Fbig%2F1.webp&w=480&h=480&fit=contain&bg=white&output=jpg","Wildberries","w7201048"
"","Каталка-толокар в ретро-стиле (Vulpes)","3105","https://www.wildberries.kg/catalog/626491797/detail.aspx","Точно такое","Для движения","","Только после первых самостоятельных шагов","","","","https://images.weserv.nl/?url=https%3A%2F%2Fbasket-31.wbbasket.ru%2Fvol6264%2Fpart626491%2F626491797%2Fimages%2Fbig%2F1.webp&w=480&h=480&fit=contain&bg=white&output=jpg","Wildberries","w626491797"
"","Бизидом: сортер-бизиборд музыкальный с пианино (BAZUMI)","3306","https://www.wildberries.kg/catalog/890356416/detail.aspx","Точно такое","Развивающие","","","","","","https://images.weserv.nl/?url=https%3A%2F%2Fbasket-39.wbbasket.ru%2Fvol8903%2Fpart890356%2F890356416%2Fimages%2Fbig%2F1.webp&w=480&h=480&fit=contain&bg=white&output=jpg","Wildberries","w890356416"
"","Мягкий конструктор с крупными деталями в рюкзаке (BAZUMI)","2184","https://www.wildberries.kg/catalog/207076111/detail.aspx","Точно такое","Развивающие","","","","","","https://images.weserv.nl/?url=https%3A%2F%2Fbasket-14.wbbasket.ru%2Fvol2070%2Fpart207076%2F207076111%2Fimages%2Fbig%2F1.webp&w=480&h=480&fit=contain&bg=white&output=jpg","Wildberries","w207076111"
"","Каталка на палочке «Вертолёт» с пропеллером и звуком (BAZUMI)","1522","https://www.wildberries.kg/catalog/784082523/detail.aspx","Точно такое","Для движения","","","","","","https://images.weserv.nl/?url=https%3A%2F%2Fbasket-36.wbbasket.ru%2Fvol7840%2Fpart784082%2F784082523%2Fimages%2Fbig%2F1.webp&w=480&h=480&fit=contain&bg=white&output=jpg","Wildberries","w784082523"
"","Бизителефон-прорезыватель (BAZUMI)","643","https://www.wildberries.kg/catalog/207086297/detail.aspx","Точно такое","Развивающие","","","","","","https://images.weserv.nl/?url=https%3A%2F%2Fbasket-14.wbbasket.ru%2Fvol2070%2Fpart207086%2F207086297%2Fimages%2Fbig%2F1.webp&w=480&h=480&fit=contain&bg=white&output=jpg","Wildberries","w207086297"
"","Сортер для малышей 0+ (Happy Baby)","3252","https://www.wildberries.kg/catalog/627412399/detail.aspx","Точно такое","Развивающие","","","","","","https://images.weserv.nl/?url=https%3A%2F%2Fbasket-31.wbbasket.ru%2Fvol6274%2Fpart627412%2F627412399%2Fimages%2Fbig%2F1.webp&w=480&h=480&fit=contain&bg=white&output=jpg","Wildberries","w627412399"
"","Сортер-бизиборд (Happy Baby)","3332","https://www.wildberries.kg/catalog/628913765/detail.aspx","Точно такое","Развивающие","","","","","","https://images.weserv.nl/?url=https%3A%2F%2Fbasket-31.wbbasket.ru%2Fvol6289%2Fpart628913%2F628913765%2Fimages%2Fbig%2F1.webp&w=480&h=480&fit=contain&bg=white&output=jpg","Wildberries","w628913765"
"","Набор музыкальных инструментов (Happy Baby)","3419","https://www.wildberries.kg/catalog/611535800/detail.aspx","Точно такое","Развивающие","","","","","","https://images.weserv.nl/?url=https%3A%2F%2Fbasket-30.wbbasket.ru%2Fvol6115%2Fpart611535%2F611535800%2Fimages%2Fbig%2F1.webp&w=480&h=480&fit=contain&bg=white&output=jpg","Wildberries","w611535800"
"","Экскаватор-конструктор с инструментами (Happy Baby)","3485","https://www.wildberries.kg/catalog/624372089/detail.aspx","Точно такое","Развивающие","","","","","","https://images.weserv.nl/?url=https%3A%2F%2Fbasket-31.wbbasket.ru%2Fvol6243%2Fpart624372%2F624372089%2Fimages%2Fbig%2F1.webp&w=480&h=480&fit=contain&bg=white&output=jpg","Wildberries","w624372089"
"","Заводные уточки для ванной (Happy Baby)","1672","https://www.wildberries.kg/catalog/262598637/detail.aspx","Точно такое","Развивающие","","","","","","https://images.weserv.nl/?url=https%3A%2F%2Fbasket-17.wbbasket.ru%2Fvol2625%2Fpart262598%2F262598637%2Fimages%2Fbig%2F1.webp&w=480&h=480&fit=contain&bg=white&output=jpg","Wildberries","w262598637"
"","Руль на коляску (Happy Baby)","нет в наличии","https://www.wildberries.kg/catalog/1152970618/detail.aspx","Точно такое","Развивающие","","","","","","https://images.weserv.nl/?url=https%3A%2F%2Fbasket-43.wbbasket.ru%2Fvol11529%2Fpart1152970%2F1152970618%2Fimages%2Fbig%2F1.webp&w=480&h=480&fit=contain&bg=white&output=jpg","Wildberries","w1152970618"
"","Набор посуды для прикорма 6 в 1, зайчик, бежевый (timikbaby)","нет в наличии","https://www.wildberries.kg/catalog/876194629/detail.aspx","Точно такое","Практичное","","","","","","https://images.weserv.nl/?url=https%3A%2F%2Fbasket-39.wbbasket.ru%2Fvol8761%2Fpart876194%2F876194629%2Fimages%2Fbig%2F1.webp&w=480&h=480&fit=contain&bg=white&output=jpg","Wildberries","w876194629"